{"_runtime":179,"charts/episodic_return":118.985,"_timestamp":1.7634797369306965e+09,"_step":32,"losses/kl":0.0023655868135392666,"losses/loss_pi":-0.0024695820175111294,"charts/SPS":1860,"_wandb":{"runtime":179},"charts/episodic_length":118.985,"losses/delta_loss_pi":-0.0024695820175111294,"losses/loss_v":0.11657701432704926}
